EMP_DEMO,('Neutral', 64.98700976371765),2026-01-27 19:46:53.371277
EMP_CAMERA,('Happy', 93.82039308547974),2026-01-27 19:58:57.572671
EMP_CAMERA,('Neutral', 89.13182616233826),2026-01-27 19:58:57.901736
EMP_CAMERA,('Neutral', 87.02638071932678),2026-01-27 19:58:58.252633
EMP_CAMERA,('Neutral', 97.69351482391357),2026-01-27 19:58:58.624217
EMP_CAMERA,('Happy', 75.98796939778146),2026-01-27 19:58:58.960729
EMP_CAMERA,('Happy', 99.43932887550169),2026-01-27 19:58:59.248014
EMP_CAMERA,('Happy', 99.88345503807068),2026-01-27 19:58:59.615658
EMP_CAMERA,('Happy', 99.18885827064514),2026-01-27 19:59:00.011316
EMP_CAMERA,('Happy', 98.34471940994263),2026-01-27 19:59:00.365424
EMP_CAMERA,('Happy', 87.55942434780889),2026-01-27 19:59:00.744503
EMP_CAMERA,('Happy', 85.65553426742554),2026-01-27 19:59:01.092914
EMP_CAMERA,('Happy', 99.85517262549237),2026-01-27 19:59:01.456420
EMP_CAMERA,('Happy', 93.18215806377876),2026-01-27 19:59:01.804259
EMP_CAMERA,('Happy', 96.0692112363325),2026-01-27 19:59:02.119614
EMP_CAMERA,('Happy', 98.238950862822),2026-01-27 19:59:02.460139
EMP_CAMERA,('Happy', 99.31135773658752),2026-01-27 19:59:02.853383
EMP_CAMERA,('Happy', 96.69833779335022),2026-01-27 19:59:03.180282
EMP_CAMERA,('Happy', 98.77092838287354),2026-01-27 19:59:03.454050
EMP_CAMERA,('Neutral', 51.058989637018485),2026-01-27 19:59:03.810866
EMP_CAMERA,('Happy', 86.34378910064697),2026-01-27 19:59:04.102661
EMP_CAMERA,('Happy', 82.40216865552478),2026-01-27 19:59:04.458630
EMP_CAMERA,('Happy', 81.1970055103302),2026-01-27 19:59:04.797164
EMP_CAMERA,('Happy', 83.72966647148132),2026-01-27 19:59:05.102642
EMP_CAMERA,('Neutral', 94.46327156266312),2026-01-27 19:59:05.469210
EMP_CAMERA,('Neutral', 96.62473181633543),2026-01-27 19:59:05.841330
EMP_CAMERA,('Happy', 84.5026034709688),2026-01-27 19:59:06.169425
EMP_CAMERA,('Happy', 82.71428942680359),2026-01-27 19:59:06.460676
EMP_CAMERA,('Happy', 99.78325965604071),2026-01-27 19:59:06.797898
EMP_CAMERA,('Happy', 99.59639904477591),2026-01-27 19:59:07.080885
EMP_CAMERA,('Happy', 99.07597893929356),2026-01-27 19:59:07.435022
EMP_CAMERA,('Happy', 99.92451668685476),2026-01-27 19:59:07.702818
EMP_CAMERA,('Happy', 99.91293549537659),2026-01-27 19:59:08.023915
EMP_CAMERA,('Happy', 99.44679137747237),2026-01-27 19:59:08.317146
EMP_CAMERA,('Happy', 99.58900809288025),2026-01-27 19:59:08.652969
EMP_CAMERA,('Happy', 99.8659312645156),2026-01-27 19:59:08.975920
EMP_CAMERA,('Happy', 99.47912693023682),2026-01-27 19:59:09.336816
EMP_CAMERA,('Happy', 99.8769044802728),2026-01-27 19:59:09.674073
EMP_CAMERA,('Happy', 99.51835867871992),2026-01-27 19:59:09.981373
EMP_CAMERA,('Happy', 99.57549571990967),2026-01-27 19:59:10.309866
EMP_CAMERA,('Happy', 97.40792512893677),2026-01-27 19:59:10.606092
EMP_CAMERA,('Happy', 98.94234538078308),2026-01-27 19:59:10.997866
EMP_CAMERA,('Happy', 99.83172418693016),2026-01-27 19:59:11.348289
EMP_CAMERA,('Happy', 99.59625601768494),2026-01-27 19:59:11.666364
EMP_CAMERA,('Happy', 99.47996145725709),2026-01-27 19:59:11.979983
EMP_CAMERA,('Happy', 63.92364501953125),2026-01-27 19:59:12.287148
EMP_CAMERA,('Happy', 98.26207756996155),2026-01-27 19:59:12.617836
EMP_CAMERA,('Neutral', 99.88338351249695),2026-01-27 19:59:12.988524
EMP_CAMERA,('Neutral', 98.84937391869711),2026-01-27 19:59:13.315654
EMP_CAMERA,('Neutral', 99.87364411354065),2026-01-27 19:59:13.639451
EMP_CAMERA,('Neutral', 99.38794374465942),2026-01-27 19:59:13.980499
EMP_CAMERA,('Neutral', 99.91208314371605),2026-01-27 19:59:14.295790
EMP_CAMERA,('Neutral', 99.77301957928901),2026-01-27 19:59:14.617675
EMP_CAMERA,('Neutral', 65.21008403361344),2026-01-27 19:59:14.983884
EMP_CAMERA,('Neutral', 99.37530159950256),2026-01-27 19:59:15.287566
EMP_CAMERA,('Neutral', 94.7181224822998),2026-01-27 19:59:15.633125
EMP_CAMERA,('Neutral', 79.18669581413269),2026-01-27 19:59:15.958656
EMP_CAMERA,('Happy', 98.9484728636178),2026-01-27 19:59:16.280528
EMP_CAMERA,('Happy', 96.4423418045044),2026-01-27 19:59:16.635782
EMP_CAMERA,('Neutral', 97.81534671783447),2026-01-27 19:59:16.952494
EMP_CAMERA,('Neutral', 99.7194766998291),2026-01-27 19:59:17.279178
EMP_CAMERA,('Neutral', 99.68730807304382),2026-01-27 19:59:17.617164
EMP_CAMERA,('Neutral', 98.27317595481873),2026-01-27 19:59:17.969073
EMP_CAMERA,('Neutral', 98.48482012748718),2026-01-27 19:59:18.315407
EMP_CAMERA,('Neutral', 97.22357375762306),2026-01-27 19:59:18.622910
EMP_CAMERA,('Neutral', 98.75604510307312),2026-01-27 19:59:18.978664
EMP_CAMERA,('Neutral', 96.53124809265137),2026-01-27 19:59:19.320597
EMP_CAMERA,('Neutral', 99.47896596663988),2026-01-27 19:59:19.655897
EMP_CAMERA,('Neutral', 97.22340106964111),2026-01-27 19:59:19.977174
EMP_CAMERA,('Neutral', 96.67924642562866),2026-01-27 19:59:20.288314
EMP_CAMERA,('Neutral', 94.62771415710449),2026-01-27 19:59:20.631211
EMP_CAMERA,('Neutral', 99.05081987380981),2026-01-27 19:59:20.968379
EMP_CAMERA,('Neutral', 99.25393471074882),2026-01-27 19:59:21.292787
EMP_CAMERA,('Neutral', 98.90547388228619),2026-01-27 19:59:21.638048
EMP_CAMERA,('Neutral', 86.77618661210697),2026-01-27 19:59:21.985064
EMP_CAMERA,('Neutral', 70.56958675384521),2026-01-27 19:59:22.288127
EMP_CAMERA,('Neutral', 79.36381101608276),2026-01-27 19:59:22.624369
EMP_CAMERA,('Sad', 48.48016780378435),2026-01-27 19:59:22.971440
EMP_CAMERA,('Neutral', 61.59093241799683),2026-01-27 19:59:23.313528
EMP_CAMERA,('Sad', 47.181710600852966),2026-01-27 19:59:23.621246
EMP_CAMERA,('Angry', 92.1740229233517),2026-01-27 19:59:23.974827
EMP_CAMERA,('Sad', 45.106327533721924),2026-01-27 19:59:24.314519
EMP_CAMERA,('Angry', 57.183233331634604),2026-01-27 19:59:24.655944
EMP_CAMERA,('Angry', 74.41074848175049),2026-01-27 19:59:24.988745
EMP_CAMERA,('Neutral', 39.91055906885158),2026-01-27 19:59:25.323648
EMP_CAMERA,('Fear', 43.2651664772729),2026-01-27 19:59:25.647414
EMP_CAMERA,('Angry', 79.8005247353882),2026-01-27 19:59:25.975872
EMP_CAMERA,('Angry', 65.78084826469421),2026-01-27 19:59:26.293717
EMP_CAMERA,('Neutral', 69.0495491027832),2026-01-27 19:59:26.607560
EMP_CAMERA,('Neutral', 47.43094742298126),2026-01-27 19:59:26.918584
EMP_CAMERA,('Neutral', 45.86162269115448),2026-01-27 19:59:27.274310
EMP_CAMERA,('Sad', 37.06446886062622),2026-01-27 19:59:27.585403
EMP_CAMERA,('Sad', 43.60073506832123),2026-01-27 19:59:27.886342
EMP_CAMERA,('Neutral', 46.43707530940477),2026-01-27 19:59:28.257138
EMP_CAMERA,('Neutral', 99.74678157250771),2026-01-27 19:59:28.620751
EMP_CAMERA,('Neutral', 99.89510177940737),2026-01-27 19:59:28.957132
EMP_CAMERA,('Neutral', 99.61639044382515),2026-01-27 19:59:29.278501
EMP_CAMERA,('Neutral', 97.98784255981445),2026-01-27 19:59:29.631606
EMP_CAMERA,('Neutral', 97.52557873725891),2026-01-27 19:59:29.977669
EMP_CAMERA,('Neutral', 96.51870727539062),2026-01-27 19:59:30.305901
EMP_CAMERA,('Neutral', 99.96399283194499),2026-01-27 19:59:30.622090
EMP_CAMERA,('Neutral', 99.34520721435547),2026-01-27 19:59:30.969890
EMP_CAMERA,('Neutral', 99.83686804771423),2026-01-27 19:59:31.304046
EMP_CAMERA,('Neutral', 82.92444944381714),2026-01-27 19:59:31.607030
EMP_CAMERA,('Neutral', 99.08722043037415),2026-01-27 19:59:31.908060
EMP_CAMERA,('Neutral', 99.80738162994385),2026-01-27 19:59:32.257817
EMP_CAMERA,('Neutral', 99.98608827590942),2026-01-27 19:59:32.603957
EMP_CAMERA,('Neutral', 99.91081357002258),2026-01-27 19:59:32.911903
EMP_CAMERA,('Neutral', 99.81332421302795),2026-01-27 19:59:33.247344
EMP_CAMERA,('Neutral', 99.81715681348362),2026-01-27 19:59:33.630205
EMP_CAMERA,('Neutral', 98.53330254554749),2026-01-27 19:59:33.988269
EMP_CAMERA,('Neutral', 99.98443126492873),2026-01-27 19:59:34.271539
EMP_CAMERA,('Neutral', 62.66856789588928),2026-01-27 19:59:34.596771
EMP_CAMERA,('Neutral', 98.69908690452576),2026-01-27 19:59:34.909875
EMP_CAMERA,('Happy', 76.94856983116685),2026-01-27 19:59:35.232761
EMP_CAMERA,('Neutral', 97.97787058221522),2026-01-27 19:59:35.573261
EMP_CAMERA,('Neutral', 99.5798647403717),2026-01-27 19:59:35.901386
EMP_CAMERA,('Neutral', 99.9365508556366),2026-01-27 19:59:36.273494
EMP_CAMERA,('Neutral', 99.30013426540681),2026-01-27 19:59:36.624969
EMP_CAMERA,('Neutral', 99.78955386814796),2026-01-27 19:59:36.968309
EMP_CAMERA,('Neutral', 99.64271192041494),2026-01-27 19:59:37.247081
EMP_CAMERA,('Neutral', 99.46013695476806),2026-01-27 19:59:37.545873
EMP_CAMERA,('Neutral', 99.64677095413208),2026-01-27 19:59:37.875422
EMP_CAMERA,('Neutral', 99.95481371879578),2026-01-27 19:59:38.239073
EMP_CAMERA,('Neutral', 99.9110996723175),2026-01-27 19:59:38.581073
EMP_CAMERA,('Neutral', 99.85370635986328),2026-01-27 19:59:38.895740
EMP_CAMERA,('Neutral', 98.50309482235282),2026-01-27 19:59:39.268053
EMP_CAMERA,('Neutral', 99.8347520828247),2026-01-27 19:59:39.596483
EMP_CAMERA,('Neutral', 99.81350898742676),2026-01-27 19:59:39.871449
EMP_CAMERA,('Neutral', 99.9046623820469),2026-01-27 19:59:40.248981
EMP_CAMERA,('Neutral', 97.51625061035156),2026-01-27 19:59:40.567793
EMP_CAMERA,('Neutral', 98.18658232688904),2026-01-27 19:59:40.875627
EMP_CAMERA,('Neutral', 96.76886200904846),2026-01-27 19:59:41.222564
EMP_CAMERA,('Neutral', 96.16281390190125),2026-01-27 19:59:41.527299
EMP_CAMERA,('Neutral', 93.98766756057739),2026-01-27 19:59:41.906662
EMP_CAMERA,('Neutral', 86.23492121696472),2026-01-27 19:59:42.281174
EMP_CAMERA,('Neutral', 88.78728151321411),2026-01-27 19:59:42.645525
EMP_CAMERA,('Neutral', 93.28749259859411),2026-01-27 19:59:42.984737
EMP_CAMERA,('Neutral', 97.73164391517639),2026-01-27 19:59:43.412668
EMP_CAMERA,('Sad', 43.041187110017965),2026-01-27 19:59:43.754215
EMP_CAMERA,('Sad', 55.67939945213788),2026-01-27 19:59:44.092280
EMP_CAMERA,('Sad', 70.4085111618042),2026-01-27 19:59:44.432852
EMP_CAMERA,('Sad', 61.35903366559945),2026-01-27 19:59:44.780408
EMP_CAMERA,('Sad', 87.09739965780972),2026-01-27 19:59:45.156570
EMP_CAMERA,('Sad', 85.1022481918335),2026-01-27 19:59:45.498612
EMP_CAMERA,('Sad', 78.20988037703995),2026-01-27 19:59:45.847622
EMP_CAMERA,('Sad', 91.28327369689941),2026-01-27 19:59:46.189127
EMP_CAMERA,('Sad', 62.726008892059326),2026-01-27 19:59:46.559989
EMP_CAMERA,('Sad', 71.84292078018188),2026-01-27 19:59:46.917245
EMP_CAMERA,('Sad', 75.72010448931402),2026-01-27 19:59:47.267097
EMP_CAMERA,('Sad', 84.18079614639282),2026-01-27 19:59:47.581971
EMP_CAMERA,('Sad', 73.4345348555404),2026-01-27 19:59:47.925788
EMP_CAMERA,('Sad', 61.821115016937256),2026-01-27 19:59:48.263355
EMP_CAMERA,('Sad', 75.91668058434956),2026-01-27 19:59:48.578356
EMP_CAMERA,('Sad', 67.87274479866028),2026-01-27 19:59:48.916086
EMP_CAMERA,('Sad', 82.9995920061822),2026-01-27 19:59:49.199082
EMP_CAMERA,('Sad', 78.72152328491211),2026-01-27 19:59:49.527259
EMP_CAMERA,('Sad', 83.40197205543518),2026-01-27 19:59:49.846114
EMP_CAMERA,('Sad', 80.50281041827078),2026-01-27 19:59:50.172995
EMP_CAMERA,('Sad', 63.678234815597534),2026-01-27 19:59:50.533690
EMP_CAMERA,('Sad', 73.04330146828907),2026-01-27 19:59:50.848559
EMP_CAMERA,('Sad', 64.49228525161743),2026-01-27 19:59:51.187260
EMP_CAMERA,('Sad', 78.34467758802639),2026-01-27 19:59:51.542911
EMP_CAMERA,('Sad', 79.80219366524295),2026-01-27 19:59:51.907048
EMP_CAMERA,('Sad', 93.93890500068665),2026-01-27 19:59:52.256206
EMP_CAMERA,('Sad', 82.39604129767665),2026-01-27 19:59:52.591358
EMP_CAMERA,('Sad', 86.43113889879817),2026-01-27 19:59:52.912827
EMP_CAMERA,('Sad', 81.65007829666138),2026-01-27 19:59:53.244941
EMP_CAMERA,('Sad', 79.51694971120958),2026-01-27 19:59:53.570751
EMP_CAMERA,('Sad', 88.7649655342102),2026-01-27 19:59:53.895414
EMP_CAMERA,('Sad', 92.54538416862488),2026-01-27 19:59:54.170188
EMP_CAMERA,('Sad', 72.92488217353821),2026-01-27 19:59:54.474749
EMP_CAMERA,('Sad', 79.2732166810761),2026-01-27 19:59:54.802043
EMP_CAMERA,('Sad', 59.43604224157837),2026-01-27 19:59:55.098330
EMP_CAMERA,('Sad', 58.86054985884129),2026-01-27 19:59:55.412065
EMP_CAMERA,('Sad', 75.86514209897173),2026-01-27 19:59:55.731393
EMP_CAMERA,('Sad', 61.16810441017151),2026-01-27 19:59:56.072877
EMP_CAMERA,('Sad', 80.44664263725281),2026-01-27 19:59:56.371343
EMP_CAMERA,('Sad', 66.36821627616882),2026-01-27 19:59:56.716694
EMP_CAMERA,('Sad', 80.5185854434967),2026-01-27 19:59:57.078726
EMP_CAMERA,('Sad', 76.99370980262756),2026-01-27 19:59:57.393340
EMP_CAMERA,('Sad', 69.73184943199158),2026-01-27 19:59:57.690469
EMP_CAMERA,('Sad', 60.68750023841858),2026-01-27 19:59:57.964073
EMP_CAMERA,('Sad', 59.871238470077515),2026-01-27 19:59:58.266229
EMP_CAMERA,('Sad', 83.22263560025267),2026-01-27 19:59:58.615027
EMP_CAMERA,('Neutral', 97.39581377556159),2026-01-27 19:59:58.969193
EMP_CAMERA,('Neutral', 96.74082975034891),2026-01-27 19:59:59.307661
EMP_CAMERA,('Neutral', 99.45940375328064),2026-01-27 19:59:59.615402
EMP_CAMERA,('Neutral', 98.65282773971558),2026-01-27 19:59:59.999299
EMP_CAMERA,('Neutral', 99.90615249798864),2026-01-27 20:00:00.334814
EMP_CAMERA,('Neutral', 99.84631540223177),2026-01-27 20:00:00.605237
EMP_CAMERA,('Neutral', 99.98254179954529),2026-01-27 20:00:00.980451
EMP_CAMERA,('Neutral', 99.80409741401672),2026-01-27 20:00:01.315202
EMP_CAMERA,('Neutral', 99.82251524925232),2026-01-27 20:00:01.601622
EMP_CAMERA,('Neutral', 99.9829888343811),2026-01-27 20:00:01.923878
EMP_CAMERA,('Neutral', 99.93538261230199),2026-01-27 20:00:02.252787
EMP_CAMERA,('Neutral', 99.95085596745348),2026-01-27 20:00:02.579739
EMP_CAMERA,('Neutral', 99.93695616722107),2026-01-27 20:00:02.864881
EMP_CAMERA,('Neutral', 99.97945427894592),2026-01-27 20:00:03.191747
EMP_CAMERA,('Neutral', 97.85308241844177),2026-01-27 20:00:03.522080
EMP_CAMERA,('Neutral', 99.95773434638977),2026-01-27 20:00:03.881284
EMP_CAMERA,('Neutral', 99.8092889672094),2026-01-27 20:00:04.290128
EMP_CAMERA,('Neutral', 99.96511936187744),2026-01-27 20:00:04.613583
EMP_CAMERA,('Neutral', 99.98786449287707),2026-01-27 20:00:04.929465
EMP_CAMERA,('Neutral', 99.96297359466553),2026-01-27 20:00:05.197711
EMP_CAMERA,('Neutral', 99.95636343955994),2026-01-27 20:00:05.474916
EMP_CAMERA,('Neutral', 99.70530271530151),2026-01-27 20:00:05.714936
EMP_CAMERA,('Neutral', 99.99207258224487),2026-01-27 20:00:06.002899
EMP_CAMERA,('Neutral', 99.94757771492004),2026-01-27 20:00:06.276090
EMP_CAMERA,('Neutral', 99.12288188934326),2026-01-27 20:00:06.542144
EMP_CAMERA,('Neutral', 89.77549015137494),2026-01-27 20:00:06.810914
EMP_CAMERA,('Neutral', 99.82261061668396),2026-01-27 20:00:07.078560
EMP_CAMERA,('Neutral', 99.99103546142578),2026-01-27 20:00:07.330437
EMP_CAMERA,('Neutral', 99.99806284892934),2026-01-27 20:00:07.590452
EMP_CAMERA,('Neutral', 99.99045729580267),2026-01-27 20:00:07.867265
EMP_CAMERA,('Neutral', 99.98131394386292),2026-01-27 20:00:08.169984
EMP_CAMERA,('Neutral', 99.17887444370237),2026-01-27 20:00:08.439232
EMP_CAMERA,('Neutral', 99.9457061290741),2026-01-27 20:00:08.699055
EMP_CAMERA,('Neutral', 99.67682361602783),2026-01-27 20:00:08.935488
EMP_CAMERA,('Neutral', 99.93921518325806),2026-01-27 20:00:09.196565
EMP_CAMERA,('Neutral', 99.30455088615417),2026-01-27 20:00:09.448162
EMP_CAMERA,('Neutral', 99.15302991867065),2026-01-27 20:00:09.696516
EMP_CAMERA,('Neutral', 99.25389885902405),2026-01-27 20:00:09.906252
EMP_CAMERA,('Neutral', 99.52540397644043),2026-01-27 20:00:10.160299
EMP_CAMERA,('Neutral', 99.22288060188293),2026-01-27 20:00:10.418460
EMP_CAMERA,('Happy', 85.60858540432628),2026-01-27 20:00:10.780732
EMP_CAMERA,('Neutral', 99.67909455299377),2026-01-27 20:00:11.075435
EMP_CAMERA,Neutral,99.90839958190918,2026-01-27 22:42:02.635319
EMP_CAMERA,Happy,99.71411228179932,2026-01-27 22:42:03.006203
EMP_CAMERA,Happy,84.86020565032959,2026-01-27 22:42:03.343613
EMP_CAMERA,Happy,89.17951583862305,2026-01-27 22:42:03.704298
EMP_CAMERA,Happy,99.41202998161316,2026-01-27 22:42:04.056721
EMP_CAMERA,Happy,99.62574243545532,2026-01-27 22:42:04.372767
EMP_CAMERA,Happy,97.95033931732178,2026-01-27 22:42:04.729170
EMP_CAMERA,Happy,99.71452351981682,2026-01-27 22:42:05.073388
EMP_CAMERA,Happy,96.89146280288696,2026-01-27 22:42:05.457450
EMP_CAMERA,Happy,56.4916729927063,2026-01-27 22:42:05.823123
EMP_CAMERA,Neutral,70.54550051689148,2026-01-27 22:42:06.163903
EMP_CAMERA,Neutral,74.34619665145874,2026-01-27 22:42:06.512588
EMP_CAMERA,Neutral,99.78148937225342,2026-01-27 22:42:06.957235
EMP_CAMERA,Fear,99.99552965217475,2026-01-27 22:42:07.290581
EMP_CAMERA,Happy,75.64172454377706,2026-01-27 22:42:07.650478
EMP_CAMERA,Sad,99.2693483393996,2026-01-27 22:42:07.998889
EMP_CAMERA,Sad,63.27822962739821,2026-01-27 22:42:08.326635
EMP_CAMERA,Happy,46.935730989916976,2026-01-27 22:42:08.654580
EMP_CAMERA,Happy,81.7044783654498,2026-01-27 22:42:09.021709
EMP_CAMERA,Sad,74.21843409538269,2026-01-27 22:42:09.331998
EMP_CAMERA,Happy,39.13065791130066,2026-01-27 22:42:09.659327
EMP_CAMERA,Sad,58.70143175125122,2026-01-27 22:42:09.970325
EMP_CAMERA,Sad,99.98250603675842,2026-01-27 22:42:10.267195
0c0eed7f7a,Neutral,2026-01-27 23:34:08.598429
0c0eed7f7a,Neutral,2026-01-27 23:34:08.910529
0c0eed7f7a,Neutral,2026-01-27 23:34:09.187650
0c0eed7f7a,Neutral,2026-01-27 23:34:09.478584
0c0eed7f7a,Neutral,2026-01-27 23:34:09.778100
0c0eed7f7a,Neutral,2026-01-27 23:34:10.057402
0c0eed7f7a,Neutral,2026-01-27 23:34:10.322979
0c0eed7f7a,Neutral,2026-01-27 23:34:10.603516
0c0eed7f7a,Neutral,2026-01-27 23:34:10.881667
0c0eed7f7a,Neutral,2026-01-27 23:34:11.176140
0c0eed7f7a,Neutral,2026-01-27 23:34:11.456124
0c0eed7f7a,Neutral,2026-01-27 23:34:11.739529
0c0eed7f7a,Neutral,2026-01-27 23:34:11.998748
0c0eed7f7a,Neutral,2026-01-27 23:34:12.253665
0c0eed7f7a,Happy,2026-01-27 23:34:12.509165
0c0eed7f7a,Happy,2026-01-27 23:34:12.787488
0c0eed7f7a,Happy,2026-01-27 23:34:13.059641
0c0eed7f7a,Happy,2026-01-27 23:34:13.318268
0c0eed7f7a,Happy,2026-01-27 23:34:13.605907
0c0eed7f7a,Happy,2026-01-27 23:34:13.878483
0c0eed7f7a,Happy,2026-01-27 23:34:14.165207
0c0eed7f7a,Happy,2026-01-27 23:34:14.431833
0c0eed7f7a,Happy,2026-01-27 23:34:14.685538
0c0eed7f7a,Happy,2026-01-27 23:34:14.954196
0c0eed7f7a,Happy,2026-01-27 23:34:15.236980
0c0eed7f7a,Neutral,2026-01-27 23:34:15.493401
0c0eed7f7a,Neutral,2026-01-27 23:34:15.750632
0c0eed7f7a,Happy,2026-01-27 23:34:16.066322
0c0eed7f7a,Happy,2026-01-27 23:34:16.357160
0c0eed7f7a,Happy,2026-01-27 23:34:16.636703
0c0eed7f7a,Happy,2026-01-27 23:34:16.922898
0c0eed7f7a,Happy,2026-01-27 23:34:17.204628
0c0eed7f7a,Happy,2026-01-27 23:34:17.488836
0c0eed7f7a,Neutral,2026-01-27 23:34:17.767360
0c0eed7f7a,Neutral,2026-01-27 23:34:18.034755
0c0eed7f7a,Neutral,2026-01-27 23:34:18.295692
0c0eed7f7a,Happy,2026-01-27 23:34:18.562976
0c0eed7f7a,Happy,2026-01-27 23:34:18.835248
0c0eed7f7a,Happy,2026-01-27 23:34:19.130660
0c0eed7f7a,Happy,2026-01-27 23:34:19.405030
0c0eed7f7a,Neutral,2026-01-27 23:34:19.674619
0c0eed7f7a,Neutral,2026-01-27 23:34:19.953955
0c0eed7f7a,Neutral,2026-01-27 23:34:20.216984
0c0eed7f7a,Neutral,2026-01-27 23:34:20.492408
0c0eed7f7a,Neutral,2026-01-27 23:34:20.796892
0c0eed7f7a,Happy,2026-01-27 23:34:21.074179
0c0eed7f7a,Happy,2026-01-27 23:34:21.349813
0c0eed7f7a,Happy,2026-01-27 23:34:21.626192
0c0eed7f7a,Neutral,2026-01-27 23:34:21.891081
0c0eed7f7a,Neutral,2026-01-27 23:34:22.149045
0c0eed7f7a,Neutral,2026-01-27 23:34:22.433807
0c0eed7f7a,Neutral,2026-01-27 23:34:22.722000
0c0eed7f7a,Neutral,2026-01-27 23:34:23.021378
0c0eed7f7a,Neutral,2026-01-27 23:34:23.297199
0c0eed7f7a,Neutral,2026-01-27 23:34:23.554210
0c0eed7f7a,Sad,2026-01-27 23:34:23.846633
0c0eed7f7a,Sad,2026-01-27 23:34:24.122375
0c0eed7f7a,Sad,2026-01-27 23:34:24.375585
0c0eed7f7a,Neutral,2026-01-27 23:34:24.655361
0c0eed7f7a,Sad,2026-01-27 23:34:24.985754
0c0eed7f7a,Neutral,2026-01-27 23:34:25.291265
0c0eed7f7a,Neutral,2026-01-27 23:34:25.590440
0c0eed7f7a,Neutral,2026-01-27 23:34:25.881987
0c0eed7f7a,Neutral,2026-01-27 23:34:26.179925
0c0eed7f7a,Neutral,2026-01-27 23:34:26.466588
0c0eed7f7a,Neutral,2026-01-27 23:34:26.741392
0c0eed7f7a,Neutral,2026-01-27 23:34:27.032693
0c0eed7f7a,Neutral,2026-01-27 23:34:27.315389
0c0eed7f7a,Neutral,2026-01-27 23:34:27.591224
0c0eed7f7a,Neutral,2026-01-27 23:34:27.879245
0c0eed7f7a,Neutral,2026-01-27 23:34:28.192928
0c0eed7f7a,Neutral,2026-01-27 23:34:28.469249
0c0eed7f7a,Neutral,2026-01-27 23:34:28.736324
0c0eed7f7a,Neutral,2026-01-27 23:34:29.009897
0c0eed7f7a,Neutral,2026-01-27 23:34:29.298398
0c0eed7f7a,Neutral,2026-01-27 23:34:29.573742
0c0eed7f7a,Neutral,2026-01-27 23:34:29.872253
0c0eed7f7a,Neutral,2026-01-27 23:34:30.157164
0c0eed7f7a,Neutral,2026-01-27 23:34:30.423723
0c0eed7f7a,Neutral,2026-01-27 23:34:30.687135
0c0eed7f7a,Neutral,2026-01-27 23:34:30.992487
0c0eed7f7a,Neutral,2026-01-27 23:34:31.283665
0c0eed7f7a,Neutral,2026-01-27 23:34:31.571720
0c0eed7f7a,Neutral,2026-01-27 23:34:31.883994
0c0eed7f7a,Neutral,2026-01-27 23:34:32.188100
0c0eed7f7a,Neutral,2026-01-27 23:34:32.504402
0c0eed7f7a,Neutral,2026-01-27 23:34:32.806015
0c0eed7f7a,Neutral,2026-01-27 23:34:33.094008
0c0eed7f7a,Neutral,2026-01-27 23:34:33.390138
0c0eed7f7a,Neutral,2026-01-27 23:34:33.662272
0c0eed7f7a,Neutral,2026-01-27 23:34:33.957735
0c0eed7f7a,Neutral,2026-01-27 23:34:34.262599
0c0eed7f7a,Neutral,2026-01-27 23:34:34.538671
0c0eed7f7a,Neutral,2026-01-27 23:34:34.825434
0c0eed7f7a,Neutral,2026-01-27 23:34:35.119583
0c0eed7f7a,Neutral,2026-01-27 23:34:35.402546
0c0eed7f7a,Neutral,2026-01-27 23:34:35.726356
0c0eed7f7a,Neutral,2026-01-27 23:34:36.013882
0c0eed7f7a,Neutral,2026-01-27 23:34:36.299543
0c0eed7f7a,Neutral,2026-01-27 23:34:36.590737
0c0eed7f7a,Neutral,2026-01-27 23:34:36.860002
0c0eed7f7a,Neutral,2026-01-27 23:34:37.119424
0c0eed7f7a,Neutral,2026-01-27 23:34:37.404631
0c0eed7f7a,Neutral,2026-01-27 23:34:37.692610
0c0eed7f7a,Neutral,2026-01-27 23:34:37.973006
0c0eed7f7a,Neutral,2026-01-27 23:34:38.250670
0c0eed7f7a,Neutral,2026-01-27 23:34:38.556640
0c0eed7f7a,Neutral,2026-01-27 23:34:38.840654
0c0eed7f7a,Neutral,2026-01-27 23:34:39.123584
0c0eed7f7a,Neutral,2026-01-27 23:34:39.409391
0c0eed7f7a,Neutral,2026-01-27 23:34:39.710789
0c0eed7f7a,Neutral,2026-01-27 23:34:39.990910
0c0eed7f7a,Neutral,2026-01-27 23:34:40.269583
0c0eed7f7a,Neutral,2026-01-27 23:34:40.567384
0c0eed7f7a,Neutral,2026-01-27 23:34:40.846956
0c0eed7f7a,Neutral,2026-01-27 23:34:41.154015
0c0eed7f7a,Neutral,2026-01-27 23:34:41.449921
0c0eed7f7a,Neutral,2026-01-27 23:34:41.728198
0c0eed7f7a,Neutral,2026-01-27 23:34:42.012832
0c0eed7f7a,Neutral,2026-01-27 23:34:42.302476
0c0eed7f7a,Neutral,2026-01-27 23:34:42.571091
0c0eed7f7a,Neutral,2026-01-27 23:34:42.851044
0c0eed7f7a,Neutral,2026-01-27 23:34:43.184699
0c0eed7f7a,Neutral,2026-01-27 23:34:43.514766
0c0eed7f7a,Neutral,2026-01-27 23:34:43.821667
0c0eed7f7a,Neutral,2026-01-27 23:34:44.106597
0c0eed7f7a,Neutral,2026-01-27 23:34:44.389757
0c0eed7f7a,Neutral,2026-01-27 23:34:44.707918
0c0eed7f7a,Neutral,2026-01-27 23:34:44.986410
0c0eed7f7a,Neutral,2026-01-27 23:34:45.257499
0c0eed7f7a,Neutral,2026-01-27 23:34:45.556675
0c0eed7f7a,Neutral,2026-01-27 23:34:45.818432
0c0eed7f7a,Neutral,2026-01-27 23:34:46.069230
0c0eed7f7a,Neutral,2026-01-27 23:34:46.297681
0c0eed7f7a,Neutral,2026-01-27 23:34:46.530718
0c0eed7f7a,Neutral,2026-01-27 23:34:46.761461
0c0eed7f7a,Neutral,2026-01-27 23:34:46.983241
0c0eed7f7a,Neutral,2026-01-27 23:34:47.203477
0c0eed7f7a,Neutral,2026-01-27 23:34:47.497523
0c0eed7f7a,Neutral,2026-01-27 23:34:47.746748
0c0eed7f7a,Neutral,2026-01-27 23:34:47.984418
0c0eed7f7a,Neutral,2026-01-27 23:34:48.206542
0c0eed7f7a,Neutral,0.27,2026-01-27 23:46:40.854577
0c0eed7f7a,Neutral,0.6,2026-01-27 23:46:41.413528
0c0eed7f7a,Neutral,0.6,2026-01-27 23:46:41.943569
0c0eed7f7a,Neutral,0.58,2026-01-27 23:46:42.461981
0c0eed7f7a,Neutral,0.53,2026-01-27 23:46:43.009059
0c0eed7f7a,Neutral,0.27,2026-01-27 23:46:43.491758
0c0eed7f7a,Neutral,0.27,2026-01-27 23:46:43.974389
0c0eed7f7a,Neutral,0.27,2026-01-27 23:46:44.495073
0c0eed7f7a,Neutral,0.27,2026-01-27 23:46:45.011085
0c0eed7f7a,Neutral,0.27,2026-01-27 23:46:45.520896
0c0eed7f7a,Neutral,0.27,2026-01-27 23:46:46.108784
0c0eed7f7a,Neutral,0.27,2026-01-27 23:46:46.668733
0c0eed7f7a,Neutral,0.27,2026-01-27 23:46:47.196666
0c0eed7f7a,Neutral,0.27,2026-01-27 23:46:47.737104
0c0eed7f7a,Neutral,0.4,2026-01-27 23:46:48.257621
0c0eed7f7a,Neutral,0.59,2026-01-27 23:46:48.746257
0c0eed7f7a,Neutral,0.37,2026-01-27 23:46:49.258982
0c0eed7f7a,Neutral,0.27,2026-01-27 23:46:49.760221
0c0eed7f7a,Happy,0.27,2026-01-27 23:46:50.280584
0c0eed7f7a,Happy,0.32,2026-01-27 23:46:50.861690
0c0eed7f7a,Happy,0.33,2026-01-27 23:46:51.436662
0c0eed7f7a,Happy,0.33,2026-01-27 23:46:51.967012
0c0eed7f7a,Happy,0.3,2026-01-27 23:46:52.491216
0c0eed7f7a,Happy,0.33,2026-01-27 23:46:53.017030
0c0eed7f7a,Happy,0.32,2026-01-27 23:46:53.565042
0c0eed7f7a,Happy,0.33,2026-01-27 23:46:54.086127
0c0eed7f7a,Happy,0.33,2026-01-27 23:46:54.616916
0c0eed7f7a,Happy,0.32,2026-01-27 23:46:55.121582
0c0eed7f7a,Happy,0.32,2026-01-27 23:46:55.648312
0c0eed7f7a,Happy,0.32,2026-01-27 23:46:56.156912
0c0eed7f7a,Happy,0.32,2026-01-27 23:46:56.683589
0c0eed7f7a,Happy,0.28,2026-01-27 23:46:57.233766
0c0eed7f7a,Neutral,0.27,2026-01-27 23:46:57.785551
0c0eed7f7a,Happy,0.32,2026-01-27 23:46:58.319604
0c0eed7f7a,Happy,0.31,2026-01-27 23:46:58.880325
0c0eed7f7a,Happy,0.29,2026-01-27 23:46:59.406522
0c0eed7f7a,Neutral,0.27,2026-01-27 23:46:59.945813
0c0eed7f7a,Neutral,0.27,2026-01-27 23:47:00.476127
0c0eed7f7a,Neutral,0.59,2026-01-27 23:47:01.001554
0c0eed7f7a,Neutral,0.6,2026-01-27 23:47:01.518317
0c0eed7f7a,Neutral,0.6,2026-01-27 23:47:02.035351
0c0eed7f7a,Neutral,0.59,2026-01-27 23:47:02.570096
0c0eed7f7a,Neutral,0.56,2026-01-27 23:47:03.092243
0c0eed7f7a,Neutral,0.49,2026-01-27 23:47:03.636065
0c0eed7f7a,Neutral,0.27,2026-01-27 23:47:04.182498
0c0eed7f7a,Neutral,0.55,2026-01-27 23:47:04.727867
0c0eed7f7a,Neutral,0.53,2026-01-27 23:47:05.249249
0c0eed7f7a,Neutral,0.58,2026-01-27 23:47:05.794957
0c0eed7f7a,Neutral,0.53,2026-01-27 23:47:06.331174
0c0eed7f7a,Neutral,0.58,2026-01-27 23:47:06.878211
0c0eed7f7a,Neutral,0.42,2026-01-27 23:47:07.464202
0c0eed7f7a,Neutral,0.44,2026-01-27 23:47:08.033221
0c0eed7f7a,Neutral,0.27,2026-01-27 23:47:08.567616
0c0eed7f7a,Neutral,0.51,2026-01-27 23:47:09.098161
0c0eed7f7a,Neutral,0.52,2026-01-27 23:47:09.641103
0c0eed7f7a,Neutral,0.44,2026-01-27 23:47:10.199195
0c0eed7f7a,Neutral,0.52,2026-01-27 23:47:10.800929
0c0eed7f7a,Sad,0.33,2026-01-27 23:47:11.328671
0c0eed7f7a,Neutral,0.27,2026-01-27 23:47:11.858118
0c0eed7f7a,Neutral,0.27,2026-01-27 23:47:12.367246
0c0eed7f7a,Neutral,0.27,2026-01-27 23:47:12.881310
0c0eed7f7a,Neutral,0.27,2026-01-27 23:47:13.424150
0c0eed7f7a,Neutral,0.27,2026-01-27 23:47:13.957555
0c0eed7f7a,Neutral,0.27,2026-01-27 23:47:14.477686
0c0eed7f7a,Happy,0.27,2026-01-27 23:47:15.009961
0c0eed7f7a,Happy,0.29,2026-01-27 23:47:15.549078
0c0eed7f7a,Angry,0.31,2026-01-27 23:47:16.111554
0c0eed7f7a,Neutral,0.48,2026-01-27 23:47:16.702460
0c0eed7f7a,Angry,0.27,2026-01-27 23:47:17.282227
0c0eed7f7a,Neutral,0.59,2026-01-27 23:47:17.845143
0c0eed7f7a,Neutral,0.6,2026-01-27 23:47:18.405786
0c0eed7f7a,Neutral,0.27,2026-01-27 23:47:18.956681
0c0eed7f7a,Neutral,0.27,2026-01-27 23:47:19.519642
0c0eed7f7a,Happy,0.31,2026-01-27 23:47:20.056721
0c0eed7f7a,Happy,0.33,2026-01-27 23:47:20.577018
0c0eed7f7a,Happy,0.3,2026-01-27 23:47:21.130960
0c0eed7f7a,Happy,0.33,2026-01-27 23:47:21.683865
0c0eed7f7a,Happy,0.33,2026-01-27 23:47:22.208572
0c0eed7f7a,Happy,0.33,2026-01-27 23:47:22.761541
0c0eed7f7a,Happy,0.31,2026-01-27 23:47:23.309370
0c0eed7f7a,Happy,0.32,2026-01-27 23:47:23.853017
0c0eed7f7a,Neutral,0.27,2026-01-27 23:47:24.383919
0c0eed7f7a,Neutral,0.27,2026-01-27 23:47:24.995439
0c0eed7f7a,Neutral,0.44,2026-01-27 23:47:25.528560
0c0eed7f7a,Happy,0.27,2026-01-27 23:47:26.055291
0c0eed7f7a,Neutral,0.27,2026-01-27 23:47:26.587231
0c0eed7f7a,Sad,0.28,2026-01-27 23:47:27.110403
0c0eed7f7a,Neutral,0.27,2026-01-27 23:47:27.631915
0c0eed7f7a,Neutral,0.27,2026-01-27 23:47:28.185010
0c0eed7f7a,Neutral,0.27,2026-01-27 23:47:28.728977
0c0eed7f7a,Happy,0.31,2026-01-27 23:47:29.283656
0c0eed7f7a,Happy,0.33,2026-01-27 23:47:29.830706
0c0eed7f7a,Happy,0.31,2026-01-27 23:47:30.353292
0c0eed7f7a,Happy,0.33,2026-01-27 23:47:30.877577
0c0eed7f7a,Neutral,0.59,2026-01-27 23:47:31.457653
0c0eed7f7a,Neutral,0.6,2026-01-27 23:47:32.005611
0c0eed7f7a,Neutral,0.6,2026-01-27 23:47:32.543718
0c0eed7f7a,Neutral,0.6,2026-01-27 23:47:33.091868
0c0eed7f7a,Neutral,0.6,2026-01-27 23:47:33.635460
0c0eed7f7a,Happy,0.32,2026-01-27 23:47:34.164351
0c0eed7f7a,Happy,0.33,2026-01-27 23:47:34.676436
0c0eed7f7a,Happy,0.33,2026-01-27 23:47:35.222150
0c0eed7f7a,Happy,0.33,2026-01-27 23:47:35.747834
0c0eed7f7a,Happy,0.33,2026-01-27 23:47:36.313740
0c0eed7f7a,Neutral,0.27,2026-01-27 23:47:36.850382
0c0eed7f7a,Neutral,0.27,2026-01-27 23:47:37.387762
0c0eed7f7a,Neutral,0.44,2026-01-27 23:47:37.926331
0c0eed7f7a,Neutral,0.27,2026-01-27 23:47:38.451813
0c0eed7f7a,Neutral,0.27,2026-01-27 23:47:39.060379
0c0eed7f7a,Sad,0.28,2026-01-27 23:47:39.619393
0c0eed7f7a,Neutral,0.27,2026-01-27 23:47:40.168660
0c0eed7f7a,Neutral,0.27,2026-01-27 23:47:40.742130
0c0eed7f7a,Neutral,0.27,2026-01-27 23:47:41.302083
0c0eed7f7a,Neutral,0.27,2026-01-27 23:47:41.902167
0c0eed7f7a,Neutral,0.27,2026-01-27 23:47:42.433124
0c0eed7f7a,Neutral,0.27,2026-01-27 23:47:42.978620
0c0eed7f7a,Sad,0.27,2026-01-27 23:47:43.496878
0c0eed7f7a,Sad,0.27,2026-01-27 23:47:44.029004
0c0eed7f7a,Sad,0.28,2026-01-27 23:47:44.575071
0c0eed7f7a,Neutral,0.27,2026-01-27 23:47:45.114666
0c0eed7f7a,Neutral,0.27,2026-01-27 23:47:45.647141
0c0eed7f7a,Sad,0.29,2026-01-27 23:47:46.186847
0c0eed7f7a,Neutral,0.27,2026-01-27 23:47:46.748134
0c0eed7f7a,Neutral,0.27,2026-01-27 23:47:47.313037
0c0eed7f7a,Neutral,0.27,2026-01-27 23:47:47.856820
0c0eed7f7a,Neutral,0.27,2026-01-27 23:47:48.385702
0c0eed7f7a,Neutral,0.27,2026-01-27 23:47:48.939083
0c0eed7f7a,Neutral,0.27,2026-01-27 23:47:49.499471
0c0eed7f7a,Neutral,0.27,2026-01-27 23:47:50.089247
0c0eed7f7a,Neutral,0.27,2026-01-27 23:47:50.695044
0c0eed7f7a,Fear,0.28,2026-01-27 23:47:51.279465
0c0eed7f7a,Neutral,0.27,2026-01-27 23:47:51.829795
0c0eed7f7a,Neutral,0.27,2026-01-27 23:47:52.379446
0c0eed7f7a,Neutral,0.4,2026-01-27 23:47:52.974161
0c0eed7f7a,Neutral,0.27,2026-01-27 23:47:53.521239
0c0eed7f7a,Neutral,0.53,2026-01-27 23:47:54.114660
0c0eed7f7a,Neutral,0.27,2026-01-27 23:47:54.646593
0c0eed7f7a,Neutral,0.27,2026-01-27 23:47:55.214000
0c0eed7f7a,Neutral,0.27,2026-01-27 23:47:55.767593
0c0eed7f7a,Neutral,0.55,2026-01-27 23:47:56.357221
0c0eed7f7a,Neutral,0.27,2026-01-27 23:47:56.925262
0c0eed7f7a,Neutral,0.48,2026-01-27 23:47:57.473386
0c0eed7f7a,Neutral,0.27,2026-01-27 23:47:58.014170
0c0eed7f7a,Neutral,0.58,2026-01-27 23:47:58.541712
0c0eed7f7a,Neutral,0.6,2026-01-27 23:47:59.069117
0c0eed7f7a,Happy,0.33,2026-01-27 23:47:59.595708
0c0eed7f7a,Happy,0.33,2026-01-27 23:48:00.151473
0c0eed7f7a,Happy,0.33,2026-01-27 23:48:00.682647
0c0eed7f7a,Happy,0.33,2026-01-27 23:48:01.265889
0c0eed7f7a,Happy,0.3,2026-01-27 23:48:01.817071
0c0eed7f7a,Neutral,0.39,2026-01-27 23:48:02.357108
0c0eed7f7a,Neutral,0.58,2026-01-27 23:48:02.907025
0c0eed7f7a,Neutral,0.59,2026-01-27 23:48:03.442337
0c0eed7f7a,Neutral,0.59,2026-01-27 23:48:04.069797
0c0eed7f7a,Neutral,0.6,2026-01-27 23:48:04.689908
0c0eed7f7a,Neutral,0.42,2026-01-27 23:48:05.253040
0c0eed7f7a,Neutral,0.4,2026-01-27 23:48:05.821491
0c0eed7f7a,Neutral,0.52,2026-01-27 23:48:06.354487
0c0eed7f7a,Neutral,0.27,2026-01-27 23:48:06.904074
0c0eed7f7a,Neutral,0.27,2026-01-27 23:48:07.453580
0c0eed7f7a,Neutral,0.27,2026-01-27 23:48:07.980375
0c0eed7f7a,Neutral,0.47,2026-01-27 23:48:08.502159
0c0eed7f7a,Neutral,0.44,2026-01-27 23:48:09.026283
0c0eed7f7a,Neutral,0.27,2026-01-27 23:48:09.537483
0c0eed7f7a,Neutral,0.52,2026-01-27 23:48:10.078916
0c0eed7f7a,Happy,0.33,2026-01-27 23:48:10.624888
0c0eed7f7a,Happy,0.31,2026-01-27 23:48:11.156718
0c0eed7f7a,Happy,0.33,2026-01-27 23:48:11.692758
0c0eed7f7a,Happy,0.33,2026-01-27 23:48:12.263961
0c0eed7f7a,Happy,0.33,2026-01-27 23:48:12.826120
0c0eed7f7a,Happy,0.33,2026-01-27 23:48:13.353947
0c0eed7f7a,Happy,0.31,2026-01-27 23:48:13.879319
0c0eed7f7a,Happy,0.32,2026-01-27 23:48:14.403455
0c0eed7f7a,Happy,0.33,2026-01-27 23:48:14.940271
0c0eed7f7a,Happy,0.33,2026-01-27 23:48:15.483116
0c0eed7f7a,Neutral,0.55,2026-01-27 23:48:16.020073
0c0eed7f7a,Neutral,0.57,2026-01-27 23:48:16.558354
0c0eed7f7a,Neutral,0.49,2026-01-27 23:48:17.133401
0c0eed7f7a,Happy,0.27,2026-01-27 23:48:17.672239
0c0eed7f7a,Happy,0.27,2026-01-27 23:48:18.217615
0c0eed7f7a,Happy,0.32,2026-01-27 23:48:18.802730
0c0eed7f7a,Happy,0.3,2026-01-27 23:48:19.368769
0c0eed7f7a,Happy,0.29,2026-01-27 23:48:19.898277
0c0eed7f7a,Happy,0.3,2026-01-27 23:48:20.432454
0c0eed7f7a,Neutral,0.27,2026-01-27 23:48:20.989947
0c0eed7f7a,Neutral,0.41,2026-01-27 23:48:21.537596
0c0eed7f7a,Neutral,0.27,2026-01-27 23:48:22.085032
0c0eed7f7a,Neutral,0.59,2026-01-27 23:48:22.659776
0c0eed7f7a,Neutral,0.58,2026-01-27 23:48:23.218598
0c0eed7f7a,Neutral,0.59,2026-01-27 23:48:23.783258
0c0eed7f7a,Neutral,0.27,2026-01-27 23:48:24.335572
0c0eed7f7a,Neutral,0.6,2026-01-27 23:48:24.939450
0c0eed7f7a,Neutral,0.59,2026-01-27 23:48:25.539757
0c0eed7f7a,Neutral,0.6,2026-01-27 23:48:26.093199
0c0eed7f7a,Neutral,0.59,2026-01-27 23:48:26.617972
0c0eed7f7a,Neutral,0.58,2026-01-27 23:48:27.186676
0c0eed7f7a,Stress,0.31,2026-01-27 23:50:28.430257
0c0eed7f7a,Stress,0.31,2026-01-27 23:52:57.320229
0c0eed7f7a,Stress,0.31,2026-01-27 23:54:17.044968
0c0eed7f7a,Stress,0.31,2026-01-27 23:55:20.606294
0c0eed7f7a,Stress,0.92,2026-01-28 00:08:12.257477
0c0eed7f7a,Happy,0.92,2026-01-28 00:08:26.294261
0c0eed7f7a,Stress,0.92,2026-01-28 00:08:40.005681
0c0eed7f7a,Stress,0.92,2026-01-28 00:18:51.603798
0c0eed7f7a,Sad,0.92,2026-01-28 00:19:04.550922
0c0eed7f7a,Sad,0.92,2026-01-28 00:19:16.352279
0c0eed7f7a,Happy,0.92,2026-01-28 00:19:27.053879
0c0eed7f7a,Stress,0.26,2026-01-28 00:30:34.731502
0c0eed7f7a,Stress,0.58,2026-01-28 00:30:54.815178
0c0eed7f7a,Sad,0.55,2026-01-28 00:31:09.456016
0c0eed7f7a,Sad,0.55,2026-01-28 00:34:07.683544
0c0eed7f7a,Sad,0.55,2026-01-28 00:34:07.736413
0c0eed7f7a,Happy,0.7,2026-01-28 00:34:27.393577
0c0eed7f7a,Neutral,0.35,2026-01-28 00:34:46.196171
0c0eed7f7a,Stress,0.26,2026-01-28 00:35:01.573643
0c0eed7f7a,Stress,0.26,2026-01-28 00:35:04.830839
0c0eed7f7a,Happy,0.7,2026-01-28 00:35:17.986149
0c0eed7f7a,Neutral,0.45,2026-01-28 00:41:03.531472
0c0eed7f7a,Neutral,0.45,2026-01-28 00:41:13.769258
0c0eed7f7a,Neutral,0.45,2026-01-28 00:41:21.515551
0c0eed7f7a,Neutral,0.45,2026-01-28 00:41:28.284062
0c0eed7f7a,Neutral,0.45,2026-01-28 00:41:35.154209
0c0eed7f7a,Stress,0.56,2026-01-28 19:10:55.841863
0c0eed7f7a,Stress,0.19,2026-01-28 22:41:16.725848
0c0eed7f7a,Sad,0.55,2026-01-28 22:42:30.878381
0c0eed7f7a,Neutral,0.45,2026-01-28 22:42:54.223291
0c0eed7f7a,Neutral,0.45,2026-01-28 22:43:03.941613
0c0eed7f7a,Neutral,0.45,2026-01-28 22:43:13.283802
0c0eed7f7a,Neutral,0.45,2026-01-28 22:43:20.063505
0c0eed7f7a,Neutral,0.45,2026-01-28 22:43:27.068724
0c0eed7f7a,Neutral,0.45,2026-01-28 22:43:34.295622
0c0eed7f7a,Neutral,0.45,2026-01-28 22:43:41.377603
0c0eed7f7a,Neutral,0.45,2026-01-28 22:51:36.278019
0c0eed7f7a,Neutral,0.45,2026-01-28 22:51:44.611112
0c0eed7f7a,Happy,0.65,2026-01-28 22:54:15.896880
0c0eed7f7a,Happy,0.55,2026-01-28 22:54:41.134731
0c0eed7f7a,Neutral,0.35,2026-01-28 22:55:02.083888
0c0eed7f7a,Neutral,0.35,2026-01-28 22:55:32.041958
0c0eed7f7a,Happy,0.55,2026-01-28 22:55:45.105108
0c0eed7f7a,Neutral,0.5,2026-01-28 22:57:20.460604
0c0eed7f7a,Neutral,0.5,2026-01-28 22:57:21.018145
0c0eed7f7a,Neutral,0.5,2026-01-28 22:57:21.583473
0c0eed7f7a,Neutral,0.5,2026-01-28 22:57:22.109872
0c0eed7f7a,Happy,0.33,2026-01-28 22:57:22.695219
0c0eed7f7a,Happy,0.33,2026-01-28 22:57:23.273340
0c0eed7f7a,Happy,0.33,2026-01-28 22:57:23.849986
0c0eed7f7a,Neutral,0.4,2026-01-28 22:57:24.435092
0c0eed7f7a,Neutral,0.34,2026-01-28 22:57:24.947970
0c0eed7f7a,Neutral,0.39,2026-01-28 22:57:25.483061
0c0eed7f7a,Neutral,0.48,2026-01-28 22:57:25.994164
0c0eed7f7a,Neutral,0.48,2026-01-28 22:57:26.538056
0c0eed7f7a,Neutral,0.49,2026-01-28 22:57:27.062866
0c0eed7f7a,Neutral,0.38,2026-01-28 22:57:27.640247
0c0eed7f7a,Neutral,0.38,2026-01-28 22:57:28.154794
0c0eed7f7a,Neutral,0.46,2026-01-28 22:57:28.715537
0c0eed7f7a,Neutral,0.31,2026-01-28 22:57:29.228019
0c0eed7f7a,Neutral,0.5,2026-01-28 22:57:29.781381
0c0eed7f7a,Neutral,0.5,2026-01-28 22:57:30.330818
0c0eed7f7a,Neutral,0.5,2026-01-28 22:57:30.900365
0c0eed7f7a,Neutral,0.5,2026-01-28 22:57:31.434771
0c0eed7f7a,Neutral,0.46,2026-01-28 22:57:32.019988
0c0eed7f7a,Neutral,0.49,2026-01-28 22:57:32.599968
0c0eed7f7a,Neutral,0.48,2026-01-28 22:57:33.144924
0c0eed7f7a,Neutral,0.5,2026-01-28 22:57:33.711784
0c0eed7f7a,Neutral,0.48,2026-01-28 22:57:34.294869
0c0eed7f7a,Surprise,0.3,2026-01-28 22:57:34.868365
0c0eed7f7a,Neutral,0.49,2026-01-28 22:57:35.384572
0c0eed7f7a,Neutral,0.49,2026-01-28 22:57:35.980360
0c0eed7f7a,Neutral,0.45,2026-01-28 22:57:36.542365
0c0eed7f7a,Neutral,0.47,2026-01-28 22:57:37.116979
0c0eed7f7a,Neutral,0.43,2026-01-28 22:57:37.690422
0c0eed7f7a,Neutral,0.49,2026-01-28 22:57:38.201874
0c0eed7f7a,Neutral,0.5,2026-01-28 22:57:38.722085
0c0eed7f7a,Neutral,0.5,2026-01-28 22:57:39.302703
0c0eed7f7a,Neutral,0.49,2026-01-28 22:57:39.877351
0c0eed7f7a,Neutral,0.49,2026-01-28 22:57:40.443521
0c0eed7f7a,Neutral,0.48,2026-01-28 22:57:40.998595
0c0eed7f7a,Neutral,0.49,2026-01-28 22:57:41.549048
0c0eed7f7a,Neutral,0.5,2026-01-28 22:57:42.119936
0c0eed7f7a,Neutral,0.5,2026-01-28 22:57:42.673191
0c0eed7f7a,Neutral,0.38,2026-01-28 22:57:43.215558
0c0eed7f7a,Happy,0.33,2026-01-28 22:57:43.744284
0c0eed7f7a,Happy,0.33,2026-01-28 22:57:44.303638
0c0eed7f7a,Happy,0.33,2026-01-28 22:57:44.847181
0c0eed7f7a,Happy,0.24,2026-01-28 22:57:45.392080
0c0eed7f7a,Neutral,0.36,2026-01-28 22:57:45.966190
0c0eed7f7a,Happy,0.2,2026-01-28 22:57:46.530335
0c0eed7f7a,Neutral,0.26,2026-01-28 22:57:47.079899
0c0eed7f7a,Neutral,0.43,2026-01-28 22:57:47.612784
0c0eed7f7a,Neutral,0.49,2026-01-28 22:57:48.152989
0c0eed7f7a,Neutral,0.49,2026-01-28 22:57:48.710734
0c0eed7f7a,Neutral,0.42,2026-01-28 22:57:49.269738
0c0eed7f7a,Neutral,0.17,2026-01-28 22:57:49.803073
0c0eed7f7a,Neutral,0.17,2026-01-28 22:57:50.345391
0c0eed7f7a,Neutral,0.28,2026-01-28 22:57:50.901123
0c0eed7f7a,Neutral,0.17,2026-01-28 22:57:51.442775
0c0eed7f7a,Neutral,0.31,2026-01-28 22:57:51.975651
0c0eed7f7a,Neutral,0.5,2026-01-28 22:57:52.497262
0c0eed7f7a,Neutral,0.36,2026-01-28 22:57:53.064449
0c0eed7f7a,Neutral,0.5,2026-01-28 22:57:53.631087
0c0eed7f7a,Neutral,0.5,2026-01-28 22:57:54.200779
0c0eed7f7a,Neutral,0.5,2026-01-28 22:57:54.732129
0c0eed7f7a,Neutral,0.5,2026-01-28 22:57:55.311428
0c0eed7f7a,Neutral,0.39,2026-01-28 22:57:55.871556
0c0eed7f7a,Neutral,0.41,2026-01-28 22:57:56.449127
0c0eed7f7a,Neutral,0.28,2026-01-28 22:57:56.982135
0c0eed7f7a,Neutral,0.42,2026-01-28 22:57:57.542613
0c0eed7f7a,Neutral,0.29,2026-01-28 22:57:58.123854
0c0eed7f7a,Neutral,0.42,2026-01-28 22:57:58.705821
0c0eed7f7a,Neutral,0.5,2026-01-28 22:57:59.290752
0c0eed7f7a,Neutral,0.49,2026-01-28 22:57:59.868819
0c0eed7f7a,Neutral,0.17,2026-01-28 22:58:00.396613
0c0eed7f7a,Sad,0.27,2026-01-28 22:58:00.923993
0c0eed7f7a,Sad,0.18,2026-01-28 22:58:01.508544
0c0eed7f7a,Neutral,0.5,2026-01-28 22:58:02.067133
0c0eed7f7a,Neutral,0.5,2026-01-28 22:58:02.591879
0c0eed7f7a,Fear,0.22,2026-01-28 22:58:03.131665
0c0eed7f7a,Neutral,0.48,2026-01-28 22:58:03.735361
0c0eed7f7a,Neutral,0.49,2026-01-28 22:58:04.345010
0c0eed7f7a,Neutral,0.17,2026-01-28 22:58:04.892030
0c0eed7f7a,Fear,0.26,2026-01-28 22:58:05.407904
0c0eed7f7a,Neutral,0.34,2026-01-28 22:58:05.935870
0c0eed7f7a,Neutral,0.42,2026-01-28 22:58:06.466382
0c0eed7f7a,Fear,0.22,2026-01-28 22:58:06.998491
0c0eed7f7a,Fear,0.33,2026-01-28 22:58:07.524954
0c0eed7f7a,Neutral,0.5,2026-01-28 22:58:08.033045
0c0eed7f7a,Neutral,0.49,2026-01-28 22:58:08.565850
0c0eed7f7a,Neutral,0.49,2026-01-28 22:58:09.101504
0c0eed7f7a,Neutral,0.5,2026-01-28 22:58:09.649568
0c0eed7f7a,Neutral,0.5,2026-01-28 22:58:10.190702
0c0eed7f7a,Neutral,0.49,2026-01-28 22:58:10.726770
0c0eed7f7a,Neutral,0.39,2026-01-28 22:58:11.259690
0c0eed7f7a,Neutral,0.5,2026-01-28 22:58:11.783224
0c0eed7f7a,Neutral,0.48,2026-01-28 22:58:12.323072
0c0eed7f7a,Neutral,0.48,2026-01-28 22:58:12.849432
0c0eed7f7a,Neutral,0.49,2026-01-28 22:58:13.340205
0c0eed7f7a,Neutral,0.49,2026-01-28 22:58:13.863695
0c0eed7f7a,Happy,0.25,2026-01-28 22:58:14.367339
0c0eed7f7a,Fear,0.2,2026-01-28 22:58:14.900792
0c0eed7f7a,Neutral,0.48,2026-01-28 22:58:15.456675
0c0eed7f7a,Neutral,0.5,2026-01-28 22:58:15.984649
0c0eed7f7a,Neutral,0.5,2026-01-28 22:58:16.529760
0c0eed7f7a,Neutral,0.45,2026-01-28 22:58:17.073939
0c0eed7f7a,Neutral,0.49,2026-01-28 22:58:17.592097
0c0eed7f7a,Happy,0.3,2026-01-28 22:58:18.107355
0c0eed7f7a,Happy,0.3,2026-01-28 22:58:18.628565
0c0eed7f7a,Fear,0.26,2026-01-28 22:58:19.159406
0c0eed7f7a,Happy,0.23,2026-01-28 22:58:19.663015
0c0eed7f7a,Happy,0.32,2026-01-28 22:58:20.191481
0c0eed7f7a,Happy,0.32,2026-01-28 22:58:20.731172
0c0eed7f7a,Fear,0.18,2026-01-28 22:58:21.237699
0c0eed7f7a,Fear,0.2,2026-01-28 22:58:21.776633
0c0eed7f7a,Fear,0.28,2026-01-28 22:58:22.301708
0c0eed7f7a,Fear,0.19,2026-01-28 22:58:22.790871
0c0eed7f7a,Fear,0.22,2026-01-28 22:58:23.330064
0c0eed7f7a,Fear,0.32,2026-01-28 22:58:23.842174
0c0eed7f7a,Neutral,0.5,2026-01-28 22:58:24.415690
0c0eed7f7a,Neutral,0.43,2026-01-28 22:58:24.927482
0c0eed7f7a,Neutral,0.49,2026-01-28 22:58:25.452932
0c0eed7f7a,Neutral,0.48,2026-01-28 22:58:26.006300
0c0eed7f7a,Angry,0.33,2026-01-28 22:58:26.510902
0c0eed7f7a,Angry,0.33,2026-01-28 22:58:27.040552
0c0eed7f7a,Angry,0.32,2026-01-28 22:58:27.557084
0c0eed7f7a,Angry,0.31,2026-01-28 22:58:28.100239
0c0eed7f7a,Angry,0.33,2026-01-28 22:58:28.613861
0c0eed7f7a,Angry,0.33,2026-01-28 22:58:29.154635
0c0eed7f7a,Angry,0.32,2026-01-28 22:58:29.685347
0c0eed7f7a,Angry,0.33,2026-01-28 22:58:30.197559
0c0eed7f7a,Neutral,0.49,2026-01-28 22:58:30.722566
0c0eed7f7a,Happy,0.22,2026-01-28 22:58:31.281006
0c0eed7f7a,Happy,0.31,2026-01-28 22:58:31.795580
0c0eed7f7a,Happy,0.32,2026-01-28 22:58:32.316959
0c0eed7f7a,Happy,0.21,2026-01-28 22:58:32.843594
0c0eed7f7a,Neutral,0.46,2026-01-28 22:58:33.368574
0c0eed7f7a,Neutral,0.49,2026-01-28 22:58:33.892267
0c0eed7f7a,Neutral,0.5,2026-01-28 22:58:34.409911
0c0eed7f7a,Neutral,0.47,2026-01-28 22:58:34.938532
0c0eed7f7a,Neutral,0.48,2026-01-28 22:58:35.463723
0c0eed7f7a,Neutral,0.49,2026-01-28 22:58:35.994915
0c0eed7f7a,Neutral,0.44,2026-01-28 22:58:36.512012
0c0eed7f7a,Happy,0.33,2026-01-28 22:58:37.034231
0c0eed7f7a,Happy,0.33,2026-01-28 22:58:37.566644
0c0eed7f7a,Happy,0.32,2026-01-28 22:58:38.110013
0c0eed7f7a,Happy,0.33,2026-01-28 22:58:38.631070
0c0eed7f7a,Happy,0.33,2026-01-28 22:58:39.162897
0c0eed7f7a,Happy,0.33,2026-01-28 22:58:39.743865
0c0eed7f7a,Happy,0.33,2026-01-28 22:58:40.264314
0c0eed7f7a,Happy,0.31,2026-01-28 22:58:40.788831
0c0eed7f7a,Happy,0.33,2026-01-28 22:58:41.310217
0c0eed7f7a,Happy,0.33,2026-01-28 22:58:41.825856
0c0eed7f7a,Happy,0.33,2026-01-28 22:58:42.361719
0c0eed7f7a,Happy,0.33,2026-01-28 22:58:42.924232
0c0eed7f7a,Happy,0.33,2026-01-28 22:58:43.460677
0c0eed7f7a,Neutral,0.3,2026-01-28 23:00:38.269720
0c0eed7f7a,Neutral,0.45,2026-01-28 23:01:08.150763
0c0eed7f7a,Neutral,0.3,2026-01-28 23:01:14.522920
0c0eed7f7a,Neutral,0.45,2026-01-28 23:01:20.859471
0c0eed7f7a,Neutral,0.3,2026-01-28 23:01:27.757924
0c0eed7f7a,Neutral,0.45,2026-01-28 23:05:39.429676
0c0eed7f7a,Neutral,0.3,2026-01-28 23:05:46.923998
0c0eed7f7a,Neutral,0.3,2026-01-28 23:05:58.350906
0c0eed7f7a,Happy,0.65,2026-01-28 23:06:28.358702
0c0eed7f7a,Sad,0.55,2026-01-28 23:06:50.625525
0c0eed7f7a,Neutral,0.35,2026-01-28 23:07:13.511882
0c0eed7f7a,Stress,0.2,2026-01-28 23:21:01.713642
0c0eed7f7a,Neutral,0.4,2026-01-28 23:21:20.368878
0c0eed7f7a,Neutral,0.4,2026-01-28 23:21:41.593085
0c0eed7f7a,Neutral,0.4,2026-01-28 23:21:43.084791
0c0eed7f7a,Surprise,1.0,2026-01-29 00:15:52.938211
0c0eed7f7a,Surprise,0.92,2026-01-29 00:16:16.977839
0c0eed7f7a,Surprise,0.81,2026-01-29 00:16:25.012032
0c0eed7f7a,Surprise,0.99,2026-01-29 00:16:31.678692
0c0eed7f7a,Surprise,1.0,2026-01-29 00:16:38.607879
0c0eed7f7a,Surprise,0.99,2026-01-29 00:16:46.508621
0c0eed7f7a,Surprise,0.99,2026-01-29 00:28:33.687345
0c0eed7f7a,Surprise,0.99,2026-01-29 00:28:41.731028
0c0eed7f7a,Surprise,1.0,2026-01-29 00:28:49.401628
0c0eed7f7a,Happy,0.7,2026-01-29 00:29:39.887076
0c0eed7f7a,Angry,0.5,2026-01-29 00:29:55.635046
0c0eed7f7a,Neutral,0.4,2026-01-29 00:30:09.386829
0c0eed7f7a,Neutral,0.4,2026-01-29 00:31:29.053537
0c0eed7f7a,Neutral,0.4,2026-01-29 00:31:49.470606
0c0eed7f7a,Neutral,0.4,2026-01-29 00:31:51.435334
0c0eed7f7a,Neutral,0.4,2026-01-29 00:31:51.581144
0c0eed7f7a,Neutral,0.4,2026-01-29 00:31:51.699762
0c0eed7f7a,Neutral,0.4,2026-01-29 00:31:52.082608
0c0eed7f7a,Neutral,0.4,2026-01-29 00:31:52.380788
0c0eed7f7a,Neutral,0.4,2026-01-29 00:31:52.501907
0c0eed7f7a,Neutral,0.4,2026-01-29 00:31:52.682291
0c0eed7f7a,Neutral,0.4,2026-01-29 00:31:52.908306
0c0eed7f7a,Neutral,0.4,2026-01-29 00:32:16.067158
0c0eed7f7a,Stress,0.74,2026-01-29 00:39:04.779116
0c0eed7f7a,Stress,0.87,2026-01-29 00:39:18.330974
0c0eed7f7a,Fear,0.36,2026-01-29 00:39:41.490777
0c0eed7f7a,Neutral,0.35,2026-01-29 00:39:53.726528
0c0eed7f7a,Surprise,0.95,2026-01-29 00:43:07.098981
0c0eed7f7a,Surprise,0.85,2026-01-29 00:43:28.974039
0c0eed7f7a,Surprise,0.95,2026-01-29 00:43:42.088151
0c0eed7f7a,Surprise,0.55,2026-01-29 00:43:54.434390
0c0eed7f7a,Happy,0.7,2026-01-29 00:47:19.688519
0c0eed7f7a,Sad,0.7,2026-01-29 00:47:37.312962
0c0eed7f7a,Angry,0.85,2026-01-29 00:47:52.463792
0c0eed7f7a,Fear,0.7,2026-01-29 00:48:06.392492
0c0eed7f7a,Surprise,0.95,2026-01-29 00:48:23.149207
0c0eed7f7a,Surprise,0.95,2026-01-29 00:48:35.056815
0c0eed7f7a,Surprise,0.98,2026-01-29 00:53:12.642063
0c0eed7f7a,Sad,0.7,2026-01-29 00:56:32.573942
0c0eed7f7a,Fear,0.7,2026-01-29 00:56:58.908034
0c0eed7f7a,Stress,0.85,2026-01-29 14:54:12.979715
0c0eed7f7a,Stress,0.85,2026-01-29 14:54:21.317814
0c0eed7f7a,Stress,0.85,2026-01-29 14:54:22.745545
0c0eed7f7a,Stress,0.85,2026-01-29 14:54:27.137333
0c0eed7f7a,Stress,0.85,2026-01-29 14:54:31.959573
0c0eed7f7a,Stress,0.85,2026-01-29 14:54:38.458371
0c0eed7f7a,Stress,0.85,2026-01-29 14:54:42.702214
0c0eed7f7a,Stress,0.85,2026-01-29 14:54:47.804961
0c0eed7f7a,Stress,0.85,2026-01-29 14:54:56.554319
0c0eed7f7a,Happy,0.2,2026-01-29 17:09:21.987255
0c0eed7f7a,Fear,0.2,2026-01-29 17:09:22.645669
0c0eed7f7a,Neutral,0.32,2026-01-29 17:09:23.308201
0c0eed7f7a,Happy,0.21,2026-01-29 17:09:23.935512
0c0eed7f7a,Happy,0.32,2026-01-29 17:09:24.576645
0c0eed7f7a,Neutral,0.17,2026-01-29 17:09:25.245771
0c0eed7f7a,Neutral,0.36,2026-01-29 17:09:25.912568
0c0eed7f7a,Angry,0.19,2026-01-29 17:09:26.568857
0c0eed7f7a,Neutral,0.17,2026-01-29 17:09:27.223393
0c0eed7f7a,Sad,0.18,2026-01-29 17:09:27.860094
0c0eed7f7a,Sad,0.33,2026-01-29 17:09:28.492215
0c0eed7f7a,Sad,0.29,2026-01-29 17:09:29.139755
0c0eed7f7a,Happy,0.32,2026-01-29 17:09:29.798977
0c0eed7f7a,Happy,0.33,2026-01-29 17:09:30.451134
0c0eed7f7a,Sad,0.22,2026-01-29 17:09:31.082771
0c0eed7f7a,Neutral,0.44,2026-01-29 17:09:31.716449
0c0eed7f7a,Neutral,0.17,2026-01-29 17:09:32.360003
0c0eed7f7a,Neutral,0.38,2026-01-29 17:09:33.033137
0c0eed7f7a,Happy,0.28,2026-01-29 17:09:33.655390
0c0eed7f7a,Neutral,0.41,2026-01-29 17:09:34.273214
0c0eed7f7a,Neutral,0.37,2026-01-29 17:09:34.850739
0c0eed7f7a,Happy,0.24,2026-01-29 17:09:35.454787
0c0eed7f7a,Neutral,0.46,2026-01-29 17:09:36.074821
0c0eed7f7a,Neutral,0.47,2026-01-29 17:09:36.696047
0c0eed7f7a,Neutral,0.49,2026-01-29 17:09:37.326152
0c0eed7f7a,Neutral,0.17,2026-01-29 17:09:37.946275
0c0eed7f7a,Happy,0.31,2026-01-29 17:09:38.516461
0c0eed7f7a,Neutral,0.17,2026-01-29 17:09:39.137609
0c0eed7f7a,Happy,0.3,2026-01-29 17:09:39.767155
0c0eed7f7a,Happy,0.33,2026-01-29 17:09:40.391584
0c0eed7f7a,Happy,0.33,2026-01-29 17:09:41.020471
0c0eed7f7a,Happy,0.33,2026-01-29 17:09:41.652542
0c0eed7f7a,Happy,0.32,2026-01-29 17:09:42.279454
0c0eed7f7a,Neutral,0.47,2026-01-29 17:09:42.905341
0c0eed7f7a,Angry,0.33,2026-01-29 17:09:43.485374
0c0eed7f7a,Neutral,0.17,2026-01-29 17:09:44.096766
0c0eed7f7a,Fear,0.25,2026-01-29 17:09:44.672639
0c0eed7f7a,Sad,0.3,2026-01-29 17:09:45.308148
0c0eed7f7a,Sad,0.33,2026-01-29 17:09:45.992747
0c0eed7f7a,Neutral,0.5,2026-01-29 17:09:46.632652
0c0eed7f7a,Sad,0.33,2026-01-29 17:09:47.271202
0c0eed7f7a,Neutral,0.32,2026-01-29 17:09:47.971489
0c0eed7f7a,Happy,0.3,2026-01-29 17:09:48.604590
0c0eed7f7a,Neutral,0.45,2026-01-29 17:09:49.263639
0c0eed7f7a,Sad,0.22,2026-01-29 17:09:49.945836
0c0eed7f7a,Happy,0.33,2026-01-29 17:09:50.621466
0c0eed7f7a,Sad,0.22,2026-01-29 17:09:51.289351
0c0eed7f7a,Sad,0.17,2026-01-29 17:09:51.959815
0c0eed7f7a,Neutral,0.36,2026-01-29 17:09:52.600501
0c0eed7f7a,Fear,0.24,2026-01-29 17:09:53.242671
0c0eed7f7a,Sad,0.25,2026-01-29 17:09:53.895448
0c0eed7f7a,Neutral,0.47,2026-01-29 17:09:54.589628
0c0eed7f7a,Neutral,0.5,2026-01-29 17:09:55.236735
0c0eed7f7a,Neutral,0.5,2026-01-29 17:09:55.887914
0c0eed7f7a,Neutral,0.5,2026-01-29 17:09:56.501331
0c0eed7f7a,Neutral,0.5,2026-01-29 17:09:57.129091
0c0eed7f7a,Neutral,0.5,2026-01-29 17:09:57.791862
0c0eed7f7a,Neutral,0.5,2026-01-29 17:09:58.440336
0c0eed7f7a,Surprise,0.3,2026-01-29 17:09:59.092878
0c0eed7f7a,Sad,0.3,2026-01-29 17:09:59.697625
0c0eed7f7a,Neutral,0.31,2026-01-29 17:10:00.333767
0c0eed7f7a,Neutral,0.38,2026-01-29 17:10:00.977297
0c0eed7f7a,Neutral,0.44,2026-01-29 17:10:01.624844
0c0eed7f7a,Neutral,0.37,2026-01-29 17:10:02.313474
0c0eed7f7a,Neutral,0.38,2026-01-29 17:10:02.980507
0c0eed7f7a,Neutral,0.45,2026-01-29 17:10:03.628359
0c0eed7f7a,Surprise,0.2,2026-01-29 17:10:04.280679
0c0eed7f7a,Happy,0.32,2026-01-29 17:10:04.918280
0c0eed7f7a,Neutral,0.5,2026-01-29 17:10:05.532351
0c0eed7f7a,Sad,0.29,2026-01-29 17:10:06.192233
0c0eed7f7a,Neutral,0.17,2026-01-29 17:10:06.860952
0c0eed7f7a,Fear,0.23,2026-01-29 17:10:07.529619
0c0eed7f7a,Neutral,0.17,2026-01-29 17:10:08.209801
0c0eed7f7a,Neutral,0.49,2026-01-29 17:10:08.776474
0c0eed7f7a,Angry,0.29,2026-01-29 17:10:09.344474
0c0eed7f7a,Stress,0.85,2026-02-05 20:46:22.568298
